﻿<?xml version="1.0" encoding="utf-8"?>
<abapGit version="v1.0.0" serializer="LCL_OBJECT_SUSH" serializer_version="v1.0.0">
 <asx:abap xmlns:asx="http://www.sap.com/abapxml" version="1.0">
  <asx:values>
   <HEAD>
    <NAME>CECAC608B321B251CC5C4B0ABB32C3</NAME>
    <TYPE>HT</TYPE>
    <DISPLAY_NAME>R3TR WDYA ZST7_SDN_TUTOR1</DISPLAY_NAME>
   </HEAD>
   <USOBX>
    <USOBX>
     <NAME>CECAC608B321B251CC5C4B0ABB32C3</NAME>
     <TYPE>HT</TYPE>
     <OBJECT>S_START</OBJECT>
     <OKFLAG>X</OKFLAG>
    </USOBX>
   </USOBX>
   <USOBX_EXT>
    <item>
     <OBJECT>S_START</OBJECT>
     <TTEXT>Start Authorization Check for TADIR Objects</TTEXT>
     <OCLSS>AAAB</OCLSS>
     <OKFLAG>X</OKFLAG>
     <PS_POSID>BC-SEC-AUT-PFC</PS_POSID>
     <CI_TEXT>Check</CI_TEXT>
     <CH_TEXT>Check</CH_TEXT>
     <PR_TEXT>No</PR_TEXT>
     <EXCEP>3</EXCEP>
     <EXCEP_TX>Okay</EXCEP_TX>
     <EXCEP_ICON>@08@</EXCEP_ICON>
    </item>
   </USOBX_EXT>
  </asx:values>
 </asx:abap>
</abapGit>
