﻿<?xml version="1.0" encoding="utf-8"?>
<abapGit version="v1.0.0" serializer="LCL_OBJECT_SICF" serializer_version="v1.0.0">
 <asx:abap xmlns:asx="http://www.sap.com/abapxml" version="1.0">
  <asx:values>
   <URL>/sap/bc/webdynpro/sap/S5M100000001092/</URL>
   <ICFSERVICE>
    <ICF_NAME>S5M100000001092</ICF_NAME>
    <ORIG_NAME>S5M100000001092</ORIG_NAME>
    <ICFALTNME>ZST7_WD_SO_DETAILES</ICFALTNME>
   </ICFSERVICE>
   <ICFDOCU>
    <ICF_NAME>S5M100000001092</ICF_NAME>
    <ICF_LANGU>E</ICF_LANGU>
    <ICF_DOCU>Application to display Sales Order detailes</ICF_DOCU>
   </ICFDOCU>
  </asx:values>
 </asx:abap>
</abapGit>
