﻿<?xml version="1.0" encoding="utf-8"?>
<abapGit version="v1.0.0" serializer="LCL_OBJECT_SICF" serializer_version="v1.0.0">
 <asx:abap xmlns:asx="http://www.sap.com/abapxml" version="1.0">
  <asx:values>
   <URL>/sap/bc/webdynpro/sap/ZST7_SDN_TUTOR1/</URL>
   <ICFSERVICE>
    <ICF_NAME>ZST7_SDN_TUTOR1</ICF_NAME>
    <ORIG_NAME>ZST7_SDN_TUTOR1</ORIG_NAME>
   </ICFSERVICE>
   <ICFDOCU>
    <ICF_NAME>ZST7_SDN_TUTOR1</ICF_NAME>
    <ICF_LANGU>E</ICF_LANGU>
    <ICF_DOCU>SDN tutorial 1</ICF_DOCU>
   </ICFDOCU>
  </asx:values>
 </asx:abap>
</abapGit>
