﻿<?xml version="1.0" encoding="utf-8"?>
<abapGit version="v1.0.0" serializer="LCL_OBJECT_WDYA" serializer_version="v1.0.0">
 <asx:abap xmlns:asx="http://www.sap.com/abapxml" version="1.0">
  <asx:values>
   <APP>
    <APPLICATION_NAME>ZST7_WD_SO_DETAILES</APPLICATION_NAME>
    <COMPONENT>ZST7_WD_SO_DETAILES</COMPONENT>
    <STARTUP_VIEW>W_MAIN</STARTUP_VIEW>
    <STARTUP_PLUG>DEFAULT</STARTUP_PLUG>
    <DISPLAY_NAME>ZST7_WD_SO_DETAILES</DISPLAY_NAME>
   </APP>
  </asx:values>
 </asx:abap>
</abapGit>
